id,titulo,link,preco,img
1,Memória RAM Notebook RZX Gamer Fatality DDR3 8GB 1600MHz 1.35v PC3l-12800 Sodimm,https://click1.mercadolivre.com.br/mclics/clicks/external/MLB/count?a=wYdA8Gb2sitj2WdvB1VfAsrGf6HnWkbVTI%2BTee3LhOVHKkLsd3Hew9moEIoz17pX6kQV7745q97VRQ3oyqXstZZn%2BCee9pPFJIKdeo7eOKeX6WJncWVmb66Fg%2Bfevbg4KP93s5bSDYNMFNHN9kfHq70Xw37Uyht%2BTSSDryOJMrNuk837Au0sWpsS2tqZiiJKQ5bD4%2BhsjbetPoBqYpVLdaBX37t7hf2A2P5ICZxaFD40cFFaifV4kJ5c7DH59dKeupgNTWober4Zg0lM5dhJ60%2BAPNockEzOfX%2F6nAqjN8qEpzJiKYCDt9hteI3grok%2BeYzkdNlMSaOdKTBWHTF2kJlCrUcUmyb%2Fs%2BVlKQKlrJiaDS6R12FelPHARj6fWoGFCtIThYnKIQA06%2BVZ7%2BHfDGdHtiFBodEaFAMMBxWO9FrZerIQhZo%2F%2FfzpXMn2Y53AUbSjOaDuJBVa6nYZqw%2Fs5NcWJ1pCf1sP6GTtAxyr%2BJWZCDXeLQ%2FWICufnoEz2E0oC8uuNfb1WJJ2jyDi4AjMxzBNp0Tx6fkoMztZbSysyoRRQWX7zI68T34B8SUzSwNLPaO%2FuDnHGlVNeP%2BzHRGo9ghEHYAG%2BWk2FJ45fqgJ4e%2FaBY%2FrFtemLrDOkykvlKmhxdrzuQ6cr%2Bul77jO0xryCV3NSfD3fN4LsdqAff8lfUanDQ56PQ5Ty1OIN6hd%2BNt1rE9rsbvrBQ633Pq9sexvW5YIh8cf62kRcVwJS6mUrrXRKZyQUvwm%2BQr6CLGvGlIsiWN18Qok5HTXCJV2gauhocq8z5zO1Y4wbfX1DZfsOU1mzZts9xXtDMSP2T7yLDVvOh8ZMrorZMA4Fb%2FsKvPPvgjvqsOzUyGjJPn0qxYHzVc6g%2F60ZyapGRQZvLgQRRmGk%2FFmp6o%3D&e=mclics%2Fvariant-candidates%2B31710%2Cmclics%2Fadvertising-results-augmenter-on%2B15098%2Cmclics%2Fpseudo-search-pads-buybox%2B7708%2Cmclics%2Fdiscard-bid-lt-min%2B45363%2Cmclics%2Fmax-bid-capped%2B36382%2Cmclics%2Fmax-bid-item-factor%2B23927%2Cmclics%2Foverride-min-seasonality%2B49092&rb=x,"99,99",https://http2.mlstatic.com/D_NQ_NP_855086-MLU78819578358_092024-W.webp
2,Memória 8gb Ddr3 1600mhz Pronx Gamer Para Pc Desktop,https://click1.mercadolivre.com.br/mclics/clicks/external/MLB/count?a=%2BCkgqGjgkQzG5e%2F5Sjg4YbIOEXNdHIJHmrVbC0wZvJ3b52%2FMHfzekBh%2B7oZsBO0L8ReYMO8OIiNqPGYURUTLXiPajcg3A0mM%2FXcr5vB71hHi5D3J8QeoVZOS9HsFkOWsFbPJX1h8slus7KZLBBkBbLj06qQPNTeQ07oyWReJrf89YEr%2FRckcfBgY9gdvtqc%2BA8fA4ylfn9RNc07VCaYZGW4KMQtfoLFCL%2FqmjrQlcosaN%2B33mLlQbMT%2FC1mP%2BRFaFC5Vc9IIUAw%2F1xJSURXOx3R8Pmas9IUhdnggVUZsYeMnqsMyzpfA8Ui%2B0Jcq3DVtKkdyz3w%2FznRkxYRX7j02MR2X1Yby7j3fVkQZ16wCMRXXEZ%2BvFk1EfwbDQAcAuKqy3zhcRxVoil0Fno%2FutLaX0TMzcoiUCbV8RSJq8RSLnPRGHQqBzLEHt1zYCnfZ%2Bzl%2BhaR7eQQqf915Yed0Mnmgkdwkw9NGN37xKgLs8vHbZmXqHpOIQHfHdemr62mBFCwI7rsTjP6A6ef3L1hMyMRH1%2FNebPhjuA6zJ1jrMLvvRU10WkLIen%2FIKHD87dJhrZN6kv0MU1VMJTNEOsg%2BhyOURxiAOllV9JEVFO6JW74pRn9lm3A6ebCOy%2B6lCPlWoKeVRmPjmXCVNZ9iElBejGwQn24lMX5cRNkjE3wBHmAhIycq5WZSIbYNM2tub6Pun6mR61J0g6EgoSi98V%2FeeDcnfW%2BlIXbfhR4uUGtPzcCeyQVIsBu5dW%2BeD1%2BgMpcXw61QJ9DwdmEfHzeVbgJIDIl2obXYq2dB1Kx6f8WV6PCP9k9ts9DCI%2B8oQtoqzDC6Vc25EifHrqFOmNXvRALOigf%2F7NvhUwvzIE1h%2Bg%3D%3D&e=mclics%2Fvariant-candidates%2B31710%2Cmclics%2Fadvertising-results-augmenter-on%2B15098%2Cmclics%2Fpseudo-search-pads-buybox%2B7708%2Cmclics%2Fdiscard-bid-lt-min%2B45363%2Cmclics%2Fmax-bid-capped%2B36382%2Cmclics%2Fmax-bid-item-factor%2B23927%2Cmclics%2Foverride-min-seasonality%2B49092&rb=x,"55,35",https://http2.mlstatic.com/D_NQ_NP_606227-MLU74958132143_032024-W.webp
3,Memória Ram Desktop Ddr4 4gb 2666mhz Keepdata Kd26n19/4g,https://click1.mercadolivre.com.br/mclics/clicks/external/MLB/count?a=76CaGTxvFr4XKDtugTiD7kJ7mqzALWnxlKKwZC3L9tqmGY40nGrmEagA8X0mn6IRxUlE93S%2FdpthMryjzNPDCL3NnimA7xHdkNpFEM2Lu%2FZsE2Mvv8pQphkDs%2FUKy%2FK6t7OyQ44hhgR5YAuOki%2Bc7AKVggL7U35LGDjXbESeQHvm7UNUeQy5EbGbW7xOQPMZcmk687%2BxwkM9W0qZ9eSO5Jx2VUeCLoGOkbC4vLaCw%2FeGelPecIz6zPxOFuwViokO1Jsy%2BSiZ0rnbmn2Eke4U%2FeWxPVtZ32SYzXarUeDojNCBvR%2BSSGU7GH0W98dqJWCRVKC88QcEqDjS1H7AfNk5DrK39TQQ%2FAwLZ32GWfQa092IpCkVqkvDeQ6m5bP6DGsvh6tR8BrGzZhF%2FnxJydj6WTRqTojqs7XSE5rmTt2FAhoAXVuC1F%2BO5VTkvBpAcS0gphm%2FFzLyhyWu5TF4qlBSTqRCmsVnbdNfvPTXGHpKhZ%2BT5qLJDPPQBbtb%2FYp9zQcsNgXGZX7L4r84blXDm6KODuyViKkT2xtxKUaqcVVl76k6mZYVm8CFGbxFxvcxWj7YF53gIz4fwMd%2F8AXBaN2fJYvcY8Gudp1l%2B99%2FB4995VE6Fai65KDdE6UZOlOJuVWgk7aryGC5bzTqL%2BJHyZsSE0fiQ7gMs41zanNIVgr9yl9we%2BmBt31%2BPApfJcDZ8nqRMsjo%2BGJKwF5pOa7bm2a3flfkWhA6HIgjw7pQJynVVaeV0nD%2Bxl7NIZcMWBk6c80y73ZScOcKdiYCnvB4k%2B0r75jcOeFxHrLzdLm0SpfGfEXd5IMCJcwH5WBPuDm2vVIvMd%2BW0KMLmeBt8e8h%2FBFMpE7rq7pfp8V2Mpf6a%2Fo%3D&e=mclics%2Fvariant-candidates%2B31710%2Cmclics%2Fadvertising-results-augmenter-on%2B15098%2Cmclics%2Fpseudo-search-pads-buybox%2B7708%2Cmclics%2Fdiscard-bid-lt-min%2B45363%2Cmclics%2Fmax-bid-capped%2B36382%2Cmclics%2Fmax-bid-item-factor%2B23927%2Cmclics%2Foverride-min-seasonality%2B49092&rb=x,"79,68",https://http2.mlstatic.com/D_NQ_NP_940113-MLB52220439244_102022-W.webp
4,Memória RAM color verde  8GB 1 Crucial CB8GS2666,https://www.mercadolivre.com.br/memoria-ram-color-verde-8gb-1-crucial-cb8gs2666/p/MLB18928079#wid%3DMLB3837960545%26sid%3Dsearch%26searchVariation%3DMLB18928079%26position%3D7%26search_layout%3Dgrid%26type%3Dproduct%26tracking_id%3D723f392a-3b49-4312-9005-e4c8b6104fd3,"142,80",https://http2.mlstatic.com/D_NQ_NP_647761-MLU75437530950_042024-W.webp
5,Memória RAM color verde  16GB 1 Crucial CT16G4SFRA266,https://www.mercadolivre.com.br/memoria-ram-color-verde-16gb-1-crucial-ct16g4sfra266/p/MLB16269310#wid%3DMLB3226424118%26sid%3Dsearch%26searchVariation%3DMLB16269310%26position%3D9%26search_layout%3Dgrid%26type%3Dproduct%26tracking_id%3D723f392a-3b49-4312-9005-e4c8b6104fd3,"239,23",https://http2.mlstatic.com/D_NQ_NP_750589-MLA74779475671_022024-W.webp
6,Ram Patriot Viper Elite 5 RGB Ddr5 6600 mt/s 32 GB 2x16 Branco,https://www.mercadolivre.com.br/ram-patriot-viper-elite-5-rgb-ddr5-6600-mts-32-gb-2x16-branco/p/MLB39391815#wid%3DMLB3850668403%26sid%3Dsearch%26searchVariation%3DMLB39391815%26position%3D14%26search_layout%3Dgrid%26type%3Dproduct%26tracking_id%3D723f392a-3b49-4312-9005-e4c8b6104fd3,"1.304,44",https://http2.mlstatic.com/D_NQ_NP_912402-MLU78265070584_082024-W.webp
7,Memória RAM Desktop RZX Gamer Fire Dragon DDR3 8GB 1600MHz 1.5v Pc3-12800 Dimm Preto,https://www.mercadolivre.com.br/memoria-ram-desktop-rzx-gamer-fire-dragon-ddr3-8gb-1600mhz-15v-pc3-12800-dimm-preto/p/MLB14729323#wid%3DMLB5063925020%26sid%3Dsearch%26searchVariation%3DMLB14729323%26position%3D16%26search_layout%3Dgrid%26type%3Dproduct%26tracking_id%3D723f392a-3b49-4312-9005-e4c8b6104fd3,"99,99",https://http2.mlstatic.com/D_NQ_NP_950175-MLU72602017783_102023-W.webp
8,Memória 8gb Notebook Smart Ddr4 3200 Mhz Sms4wec8c1k0446fcg,https://www.mercadolivre.com.br/memoria-8gb-notebook-smart-ddr4-3200-mhz-sms4wec8c1k0446fcg/p/MLB19048429#wid%3DMLB3541850589%26sid%3Dsearch%26searchVariation%3DMLB19048429%26position%3D18%26search_layout%3Dgrid%26type%3Dproduct%26tracking_id%3D723f392a-3b49-4312-9005-e4c8b6104fd3,"182,70",https://http2.mlstatic.com/D_NQ_NP_776892-MLA49696699597_042022-W.webp
9,Memória RAM ValueRAM color verde  16GB 1 Kingston KVR24S17D8/16,https://www.mercadolivre.com.br/memoria-ram-valueram-color-verde-16gb-1-kingston-kvr24s17d816/p/MLB9050653#wid%3DMLB5039313488%26sid%3Dsearch%26searchVariation%3DMLB9050653%26position%3D20%26search_layout%3Dgrid%26type%3Dproduct%26tracking_id%3D723f392a-3b49-4312-9005-e4c8b6104fd3,"223,68",https://http2.mlstatic.com/D_NQ_NP_745330-MLA74780232615_022024-W.webp
10,Memória RAM Notebook Gamer PUSKILL VENENO DDR3 8gb 1600mhz 1.35v PC3l-12800 Sodimm,https://click1.mercadolivre.com.br/mclics/clicks/external/MLB/count?a=UPtZ5CosFaGm%2BK4A0o9Tb5xdQdhRfwqc%2FLLjPl%2BuQCMaDyKdgoyH6U85X%2F1zjzQqimt2%2Bau1rNaeOMFPOQ6%2B2lDJwuJGUm8u1KkZsIpfgOb3pJC5ssmWoIPk2lQXih%2FZfzg0h7qJN7UiXIG0XNCR9gW2%2Bpq%2FpyUvxJ4nELJG4ZV7XxGIoDusv9Nx5mE8porXLPk3oFqALy%2FaOtBEL2wWm4v9VdLwp%2BC01WmF1DKuzl%2FPi%2FZ3Vuodw33tmoYFqE4L11UXB%2BWoenbEC6ADhCVFjLeuTjqkWKWXwWnAo6CsrAVqsUSsDAyYDpHS8%2FHGsYCB%2FYKfggMxNrcykU2DusLVB3ipqucKZW7Ar3NYMF%2FbeLzibaQYOz8tkdK59363GO%2BN3oOHjrZ7sVP%2FHbrat4s1xO6v6O3Pk2FDc%2FwYEl9r6uzIIBvAN1lzRyBmk%2BdKlshkqz%2FLKXh4VZxr8%2FuGiijv8POMXPvADkR87H1%2B5bYIBiJigWeRnbOCJv2WNZt2NZ8ppBLp3YlFCEk083t5PMvQ7GeSGhej7XdG5PufOFfMB4ntdfJrEYCK3VOitwie%2FzTkmtwcct75EShNJzaTeR%2BtzMQaJ55m5%2BH7hHA9PPJhAA7yR9r5KWlGputeg8X5ewV%2FkMlzio%2BEFOfvkx7DbJv3g5kCJP3nHjxKDvO88S30pl7lU9p257u%2FxkG%2FIK0m6ZH%2FHKCOZFVgxEypPEnbQGjXNKXb2bmIeCmygAxUKm0TJXT6gK%2FFV7MjpeRvQyzlv9av3Wwdujgq%2BxhvzDZlJFC0%2Bq8RXmCAHNLU4Y1UCpiXBpXQXEMqmxfLVyr2qnDOp06C4NVp62WqPIdqazHugmb2j92TzCA5Jaj5NFvWcv1f%2FrfpBQmliZavCuE%2Bgar5oObVvZgZb%2BVHC%2FkX&e=mclics%2Fvariant-candidates%2B31710%2Cmclics%2Fadvertising-results-augmenter-on%2B15098%2Cmclics%2Fpseudo-search-pads-buybox%2B7708%2Cmclics%2Fdiscard-bid-lt-min%2B45363%2Cmclics%2Fmax-bid-capped%2B36382%2Cmclics%2Fmax-bid-item-factor%2B23927%2Cmclics%2Foverride-min-seasonality%2B49092&rb=x,"99,99",https://http2.mlstatic.com/D_NQ_NP_928695-MLU78008530276_082024-W.webp
11,Memoria Para Notebook Ddr3l 8gb 1600 Kd16ls11 8g KeepData Original Chips,https://click1.mercadolivre.com.br/mclics/clicks/external/MLB/count?a=XP1YhZeiZPPSqDkkXS6sYsB%2FHUgiVYHgL83LQsgoHrVCZ98d98avB3R2b8rBjD7wgNGEzekKpAep4R8thQqOrUXuNbeM29EAz2VilcVpmi7eZf0VJB%2B4M021QXLWN3I5IudroWYbqnV8KXxMjPFoFf2kkQ11TnnUBWGJcppSBU7yKN%2Fkc5xHnWxwLsWKQD66QdP0lNYcY%2BBMbdMZXYZw9oJqeUqIoeWhjlfZhiigYF8PS6wrNt6fsxQZJEf%2FGlOwv9e7l%2BnR1cz9s5LUg5cBDB8Rcz48OrlAEOx5rScA%2BvOdppRhJg8zKpO8MwOgrf0nPcoXE7Ot4sDLyCLyHN%2Bh5o9TBcff7yF9AuPmZGZYzLja3l%2BPApBCKXrcHqssR43a82E8jSjuajMvIbjOxWwraETEnxXJMhGjxJnGO12z6yt%2F2bwaqmSw9NJXp%2F1SoPvR%2BTivfSvII4lVimCArA5TSyKK5jZBiKvAJz3mizKlxykus9UCdD9CCv6r1F%2BGiBz9mrbUM%2BUtd6I0K9NJagpDiVkE6PVVbzi4P1Pdz8%2BrHlQW6s5Xz3eMKxD6XWAEgQHYUppBpY8wrrv6M3zLWYh3ULXzPZrDIa0pcZeR3J8vAUPsO1rYfS4r%2FuIB8kU9Q9D3RrjLjZm3F%2BtH1KYGKJCIHtX6NL%2FdrCOe4%2FlutsZFOX%2Bme4xBZFm9zzYdYBox7cAJt9PEIgVdMk7qf4%2FBwNvskd78P0m1HUmZ%2FOfLi3qtVooQMM5J6hWlfEnyo0j14ZE%2F82BwQInNvYj0IG%2B4KEeF%2BOIMJwMClpPuRHNyHj6VhmigumeVKyqDFANjFyO20P4m9Gvm6%2FsZkDGqjv1NafrdXrbGhyH2QO%2B27X4t8DYAnptRe8tbAB7zp3Y4m3EYrPo%3D&e=mclics%2Fvariant-candidates%2B31710%2Cmclics%2Fadvertising-results-augmenter-on%2B15098%2Cmclics%2Fpseudo-search-pads-buybox%2B7708%2Cmclics%2Fdiscard-bid-lt-min%2B45363%2Cmclics%2Fmax-bid-capped%2B36382%2Cmclics%2Fmax-bid-item-factor%2B23927%2Cmclics%2Foverride-min-seasonality%2B49092&rb=x,"85,26",https://http2.mlstatic.com/D_NQ_NP_797286-MLU77853515673_072024-W.webp
12,Memória Ram 8gb Ddr4 Notebook Acer Aspire 3 A315-53,https://click1.mercadolivre.com.br/mclics/clicks/external/MLB/count?a=b3kVquph6jfqh%2BuAOmwrI3ioyx7ZO6dHpLw49%2Bv4QOiZqx85FFLIUi6Ea2LBd2TKb%2BVnBYwSqj9C74ES8LMe5aHa3%2B5nvIzU6jEm80eWnUsDV9s4nnI7LdhR6kcZzmANhTVzzqi0DJ%2Flyr8Dmr66%2FItI7wFZKw6SiUG5vcZnxiH8otSUpxruIkwMaAi4MkM4VeJdT6%2BjecfqsIOy3Om38Cw7X1syALwCyz1CTTM5uQ0bwTmw9GughSneuClLC0OFPephgU10ovqKir19M6wBPMnecpDRarrl6%2B4cbkUmiRIHu2xmwhgOSbRgxYO1P%2B3YQu1tjS%2F7d4PxbqlqkYkAKKlEnlXx2J%2F58Np6rgliH9hqn%2FdxFGqhF8y0wai3X7TzTSDBAQ03%2BDVFSCT8kNoPuX2Qzmfo0oddB%2BKO0m9feT7tsQ%2F0oBM6RT7lgPb%2FVq7iCojwfOeCYZuC%2FOzL4Hx8gWmmwBT2sRu4Gv4AcVyYfO5dOyL65jFgds6jGoT1jGKBJxJlUOaaWkH9s2dI%2BUmslBtt5PwuAiyWxYu9gcqkN%2BuAUmRV6lar2ojatbq7w3W21if4PBYCqjbruub9bEpmHOLq91cJwswFUC2fYEXYV1pWhADAaW7biEpRHI7JwZIVjr6hute8lgn4BAaSsT6RrH3DjVSuiXU%2FCRHvuo7OBtcw7cGcxlOn1qxOe0qWNnh81pUpZCSWvcyirRYeiL9wIR717CVhByIyWxtSKuoXWulcwVQq&e=mclics%2Fvariant-candidates%2B31710%2Cmclics%2Fadvertising-results-augmenter-on%2B15098%2Cmclics%2Fpseudo-search-pads-buybox%2B7708%2Cmclics%2Fdiscard-bid-lt-min%2B45363%2Cmclics%2Fmax-bid-capped%2B36382%2Cmclics%2Fmax-bid-item-factor%2B23927%2Cmclics%2Foverride-min-seasonality%2B49092&rb=x,"247,65",https://http2.mlstatic.com/D_NQ_NP_861334-MLB78325313292_082024-W.webp
13,Memória De Notebook Kingston 8gb 1600mhz Ddr3l Pc3l-12800 1.35v,https://www.mercadolivre.com.br/memoria-de-notebook-kingston-8gb-1600mhz-ddr3l-pc3l-12800-135v/p/MLB6065665#wid%3DMLB3540419539%26sid%3Dsearch%26searchVariation%3DMLB6065665%26position%3D4%26search_layout%3Dgrid%26type%3Dproduct%26tracking_id%3D723f392a-3b49-4312-9005-e4c8b6104fd3,"55,11",https://http2.mlstatic.com/D_NQ_NP_709226-MLU75358733855_032024-W.webp
14,Memória RAM Notebook RZX Gamer Fatality DDR3 8GB 1600MHz 1.35v PC3l-12800 Sodimm,https://www.mercadolivre.com.br/memoria-ram-notebook-rzx-gamer-fatality-ddr3-8gb-1600mhz-135v-pc3l-12800-sodimm/p/MLB17797873#wid%3DMLB5023812104%26sid%3Dsearch%26searchVariation%3DMLB17797873%26position%3D6%26search_layout%3Dgrid%26type%3Dproduct%26tracking_id%3D723f392a-3b49-4312-9005-e4c8b6104fd3,"99,99",https://http2.mlstatic.com/D_NQ_NP_855086-MLU78819578358_092024-W.webp
15,Memória 16gb Ddr5 5600mhz Corsair Vengeance Rgb P/ Pc,https://www.mercadolivre.com.br/memoria-16gb-ddr5-5600mhz-corsair-vengeance-rgb-p-pc/p/MLB40654040#wid%3DMLB5059148688%26sid%3Dsearch%26searchVariation%3DMLB40654040%26position%3D8%26search_layout%3Dgrid%26type%3Dproduct%26tracking_id%3D723f392a-3b49-4312-9005-e4c8b6104fd3,"535,87",https://http2.mlstatic.com/D_NQ_NP_614279-MLU78957995948_092024-W.webp
16,Memória RAM color verde 8GB 1 DDR3L 1600Mhz Crucial CT102464BF160B,https://www.mercadolivre.com.br/memoria-ram-color-verde-8gb-1-ddr3l-1600mhz-crucial-ct102464bf160b/p/MLB6505879#wid%3DMLB3700000311%26sid%3Dsearch%26searchVariation%3DMLB6505879%26position%3D13%26search_layout%3Dgrid%26type%3Dproduct%26tracking_id%3D723f392a-3b49-4312-9005-e4c8b6104fd3,"71,64",https://http2.mlstatic.com/D_NQ_NP_805312-MLU72676430627_112023-W.webp
17,Memória Gamer Redragon Solar 16gb Ddr4 3600 Mhz Rgb - Gm-806,https://www.mercadolivre.com.br/memoria-gamer-redragon-solar-16gb-ddr4-3600-mhz-rgb-gm-806/p/MLB32234636#wid%3DMLB5042500136%26sid%3Dsearch%26searchVariation%3DMLB32234636%26position%3D5%26search_layout%3Dgrid%26type%3Dproduct%26tracking_id%3D723f392a-3b49-4312-9005-e4c8b6104fd3,"336,58",https://http2.mlstatic.com/D_NQ_NP_725288-MLU75585828026_042024-W.webp
18,Memória RAM Notebook Gamer PUSKILL VENENO DDR3 8gb 1600mhz 1.35v PC3l-12800 Sodimm,https://www.mercadolivre.com.br/memoria-ram-notebook-gamer-puskill-veneno-ddr3-8gb-1600mhz-135v-pc3l-12800-sodimm/p/MLB19966127#wid%3DMLB5023386090%26sid%3Dsearch%26searchVariation%3DMLB19966127%26position%3D17%26search_layout%3Dgrid%26type%3Dproduct%26tracking_id%3D723f392a-3b49-4312-9005-e4c8b6104fd3,"99,99",https://http2.mlstatic.com/D_NQ_NP_928695-MLU78008530276_082024-W.webp
19,Memória Ram Desktop Puskill Veneno 4gb Ddr3 1600mhz Cl11 1.5v Dimm,https://www.mercadolivre.com.br/memoria-ram-desktop-puskill-veneno-4gb-ddr3-1600mhz-cl11-15v-dimm/p/MLB40292581#wid%3DMLB5045611216%26sid%3Dsearch%26searchVariation%3DMLB40292581%26position%3D19%26search_layout%3Dgrid%26type%3Dproduct%26tracking_id%3D723f392a-3b49-4312-9005-e4c8b6104fd3,"59,99",https://http2.mlstatic.com/D_NQ_NP_767971-MLU78738729868_092024-W.webp
20,Memória RAM Vengeance RGB Pro color preto  16GB 1 Corsair CMW16GX4M1Z3600C18,https://www.mercadolivre.com.br/memoria-ram-vengeance-rgb-pro-color-preto-16gb-1-corsair-cmw16gx4m1z3600c18/p/MLB18958558#wid%3DMLB4931725418%26sid%3Dsearch%26searchVariation%3DMLB18958558%26position%3D21%26search_layout%3Dgrid%26type%3Dproduct%26tracking_id%3D723f392a-3b49-4312-9005-e4c8b6104fd3,"368,23",https://http2.mlstatic.com/D_NQ_NP_678117-MLU75888160593_042024-W.webp
21,Memória RAM color verde  8GB 1 Crucial CT102464BD160B,https://www.mercadolivre.com.br/memoria-ram-color-verde-8gb-1-crucial-ct102464bd160b/p/MLB6510630#wid%3DMLB2800682735%26sid%3Dsearch%26searchVariation%3DMLB6510630%26position%3D23%26search_layout%3Dgrid%26type%3Dproduct%26tracking_id%3D723f392a-3b49-4312-9005-e4c8b6104fd3,"119,99",https://http2.mlstatic.com/D_NQ_NP_751748-MLA74782354861_022024-W.webp
22,Memória ValueRAM 1x4GB Kingston KVR1333D3N9/4G Cor Verde,https://www.mercadolivre.com.br/memoria-valueram-1x4gb-kingston-kvr1333d3n94g-cor-verde/p/MLB6062278#wid%3DMLB5060407036%26sid%3Dsearch%26searchVariation%3DMLB6062278%26position%3D24%26search_layout%3Dgrid%26type%3Dproduct%26tracking_id%3D723f392a-3b49-4312-9005-e4c8b6104fd3,"43,52",https://http2.mlstatic.com/D_NQ_NP_864430-MLA48654999604_122021-W.webp
23,Memória Lexar Ddr4 Sodimm 16gb 3200mhz LD4AS016g-B3200gsst,https://www.mercadolivre.com.br/memoria-lexar-ddr4-sodimm-16gb-3200mhz-ld4as016g-b3200gsst/p/MLB23532997#wid%3DMLB3785865875%26sid%3Dsearch%26searchVariation%3DMLB23532997%26position%3D28%26search_layout%3Dgrid%26type%3Dproduct%26tracking_id%3D723f392a-3b49-4312-9005-e4c8b6104fd3,"298,89",https://http2.mlstatic.com/D_NQ_NP_794494-MLU74866187150_032024-W.webp
24,Memória De Notebook Kingston 8gb Ddr3l Pc3l-12800s 1600mhz,https://www.mercadolivre.com.br/memoria-de-notebook-kingston-8gb-ddr3l-pc3l-12800s-1600mhz/p/MLB22971186#wid%3DMLB4685196960%26sid%3Dsearch%26searchVariation%3DMLB22971186%26position%3D30%26search_layout%3Dgrid%26type%3Dproduct%26tracking_id%3D723f392a-3b49-4312-9005-e4c8b6104fd3,"78,99",https://http2.mlstatic.com/D_NQ_NP_983779-MLU74424360113_022024-W.webp
25,Memória RAM ValueRAM color verde  8GB 1 Kingston KVR1333D3N9/8G,https://www.mercadolivre.com.br/memoria-ram-valueram-color-verde-8gb-1-kingston-kvr1333d3n98g/p/MLB6062317#wid%3DMLB3829088463%26sid%3Dsearch%26searchVariation%3DMLB6062317%26position%3D32%26search_layout%3Dgrid%26type%3Dproduct%26tracking_id%3D723f392a-3b49-4312-9005-e4c8b6104fd3,"53,33",https://http2.mlstatic.com/D_NQ_NP_810385-MLU75328081300_032024-W.webp
26,Memória RAM ValueRAM 4GB Kingston KVR16LS11/4 PC3L-12800 CL11 1600MHz,https://www.mercadolivre.com.br/memoria-ram-valueram-4gb-kingston-kvr16ls114-pc3l-12800-cl11-1600mhz/p/MLB6062288#wid%3DMLB3844663187%26sid%3Dsearch%26searchVariation%3DMLB6062288%26position%3D34%26search_layout%3Dgrid%26type%3Dproduct%26tracking_id%3D723f392a-3b49-4312-9005-e4c8b6104fd3,"34,30",https://http2.mlstatic.com/D_NQ_NP_929423-MLA74779486389_022024-W.webp
27,Fury Beast Rgb Ddr4 3200mt/s 8gb Memória RAM KF432c16bb2a/8,https://www.mercadolivre.com.br/fury-beast-rgb-ddr4-3200mts-8gb-memoria-ram-kf432c16bb2a8/p/MLB27791387#wid%3DMLB5057654882%26sid%3Dsearch%26searchVariation%3DMLB27791387%26position%3D36%26search_layout%3Dgrid%26type%3Dproduct%26tracking_id%3D723f392a-3b49-4312-9005-e4c8b6104fd3,"209,31",https://http2.mlstatic.com/D_NQ_NP_852024-MLU74695748236_022024-W.webp
28,"Memória Corsair CMK8GX4M1D3000C16 Vengeance Lpx 8gb(1x8gb), Ddr4, 3000Mhz",https://www.mercadolivre.com.br/memoria-corsair-cmk8gx4m1d3000c16-vengeance-lpx-8gb1x8gb-ddr4-3000mhz/p/MLB14728726#wid%3DMLB3698147907%26sid%3Dsearch%26searchVariation%3DMLB14728726%26position%3D15%26search_layout%3Dgrid%26type%3Dproduct%26tracking_id%3D723f392a-3b49-4312-9005-e4c8b6104fd3,"214,90",https://http2.mlstatic.com/D_NQ_NP_732262-MLA74652503012_022024-W.webp
29,Memória RAM color verde  8GB 1 DDR4 3200Mhz Crucial CT8G4SFRA32A,https://www.mercadolivre.com.br/memoria-ram-color-verde-8gb-1-ddr4-3200mhz-crucial-ct8g4sfra32a/p/MLB17451543#wid%3DMLB5029213378%26sid%3Dsearch%26searchVariation%3DMLB17451543%26position%3D22%26search_layout%3Dgrid%26type%3Dproduct%26tracking_id%3D723f392a-3b49-4312-9005-e4c8b6104fd3,"137,25",https://http2.mlstatic.com/D_NQ_NP_755329-MLU73213346245_122023-W.webp
30,Memória Ram Westgatte 8gb Ddr3 1600mhz 1.5v Sodimm Para Pc,https://www.mercadolivre.com.br/memoria-ram-westgatte-8gb-ddr3-1600mhz-15v-sodimm-para-pc/p/MLB40655365#wid%3DMLB3851700723%26sid%3Dsearch%26searchVariation%3DMLB40655365%26position%3D25%26search_layout%3Dgrid%26type%3Dproduct%26tracking_id%3D723f392a-3b49-4312-9005-e4c8b6104fd3,"55,35",https://http2.mlstatic.com/D_NQ_NP_749218-MLU79201212345_092024-W.webp
31,Memória PC 8GB Kingston Ddr3 1600mhz  Pc3 12800  KVR16N11/8,https://www.mercadolivre.com.br/memoria-pc-8gb-kingston-ddr3-1600mhz-pc3-12800-kvr16n118/p/MLB18914706#wid%3DMLB3852588007%26sid%3Dsearch%26searchVariation%3DMLB18914706%26position%3D26%26search_layout%3Dgrid%26type%3Dproduct%26tracking_id%3D723f392a-3b49-4312-9005-e4c8b6104fd3,"52,34",https://http2.mlstatic.com/D_NQ_NP_733540-MLU75169673905_032024-W.webp
32,Memória Patriot Viperelite 5 48gb 2x24gb 6000mhz Ddr5 Branco,https://www.mercadolivre.com.br/memoria-patriot-viperelite-5-48gb-2x24gb-6000mhz-ddr5-branco/p/MLB38212372#wid%3DMLB3850698785%26sid%3Dsearch%26searchVariation%3DMLB38212372%26position%3D27%26search_layout%3Dgrid%26type%3Dproduct%26tracking_id%3D723f392a-3b49-4312-9005-e4c8b6104fd3,"1.587,79",https://http2.mlstatic.com/D_NQ_NP_947138-MLU77656094135_072024-W.webp
33,Memória Para Notebook 8gb 3200mhz Fury Impact DDR4 Kingston KF432S20IB/8,https://www.mercadolivre.com.br/memoria-para-notebook-8gb-3200mhz-fury-impact-ddr4-kingston-kf432s20ib8/p/MLB18571345#wid%3DMLB5065676276%26sid%3Dsearch%26searchVariation%3DMLB18571345%26position%3D29%26search_layout%3Dgrid%26type%3Dproduct%26tracking_id%3D723f392a-3b49-4312-9005-e4c8b6104fd3,"139,51",https://http2.mlstatic.com/D_NQ_NP_693746-MLU70993657582_082023-W.webp
34,Memória RAM ValueRAM color verde  4GB 1 Kingston KVR1333D3S9/4G,https://www.mercadolivre.com.br/memoria-ram-valueram-color-verde-4gb-1-kingston-kvr1333d3s94g/p/MLB6065670#wid%3DMLB3716842975%26sid%3Dsearch%26searchVariation%3DMLB6065670%26position%3D31%26search_layout%3Dgrid%26type%3Dproduct%26tracking_id%3D723f392a-3b49-4312-9005-e4c8b6104fd3,"40,88",https://http2.mlstatic.com/D_NQ_NP_908592-MLA32170597087_092019-W.webp
35,Memória Ram Notebook 4gb Westgatte Ddr3l 1600mhz,https://www.mercadolivre.com.br/memoria-ram-notebook-4gb-westgatte-ddr3l-1600mhz/p/MLB38689613#wid%3DMLB4959712754%26sid%3Dsearch%26searchVariation%3DMLB38689613%26position%3D33%26search_layout%3Dgrid%26type%3Dproduct%26tracking_id%3D723f392a-3b49-4312-9005-e4c8b6104fd3,"39,40",https://http2.mlstatic.com/D_NQ_NP_681766-MLU77997539263_072024-W.webp
36,Memória RAM ValueRAM color verde  8GB 1 Kingston KVR21S15S8/8,https://www.mercadolivre.com.br/memoria-ram-valueram-color-verde-8gb-1-kingston-kvr21s15s88/p/MLB6505880#wid%3DMLB3702430466%26sid%3Dsearch%26searchVariation%3DMLB6505880%26position%3D35%26search_layout%3Dgrid%26type%3Dproduct%26tracking_id%3D723f392a-3b49-4312-9005-e4c8b6104fd3,"163,70",https://http2.mlstatic.com/D_NQ_NP_886042-MLA48927536997_012022-W.webp
37,Memória RAM  2GB 1 Smart SH564568FH8N0QHSCG,https://www.mercadolivre.com.br/memoria-ram-2gb-1-smart-sh564568fh8n0qhscg/p/MLB9911262#wid%3DMLB3339126088%26sid%3Dsearch%26searchVariation%3DMLB9911262%26position%3D37%26search_layout%3Dgrid%26type%3Dproduct%26tracking_id%3D723f392a-3b49-4312-9005-e4c8b6104fd3,"78,89",https://http2.mlstatic.com/D_NQ_NP_980472-MLA28270451049_102018-W.webp
38,Memória Notebook 8GB 1rx8 DDR4-2133Mhz Samsung M471A1K43BB0-CPB,https://www.mercadolivre.com.br/memoria-notebook-8gb-1rx8-ddr4-2133mhz-samsung-m471a1k43bb0-cpb/p/MLB14323241#wid%3DMLB3202398951%26sid%3Dsearch%26searchVariation%3DMLB14323241%26position%3D38%26search_layout%3Dgrid%26type%3Dproduct%26tracking_id%3D723f392a-3b49-4312-9005-e4c8b6104fd3,"198,90",https://http2.mlstatic.com/D_NQ_NP_602442-MLU74111630662_012024-W.webp
39,Memória RAM Fury DDR4 color preto  8GB 1 HyperX HX426C16FB3/8,https://www.mercadolivre.com.br/memoria-ram-fury-ddr4-color-preto-8gb-1-hyperx-hx426c16fb38/p/MLB15178125#wid%3DMLB3851573931%26sid%3Dsearch%26searchVariation%3DMLB15178125%26position%3D39%26search_layout%3Dgrid%26type%3Dproduct%26tracking_id%3D723f392a-3b49-4312-9005-e4c8b6104fd3,"167,23",https://http2.mlstatic.com/D_NQ_NP_718296-MLU75008266831_032024-W.webp
40,Memória RAM ValueRAM color verde  8GB 1 Kingston KVR24N17S8/8,https://www.mercadolivre.com.br/memoria-ram-valueram-color-verde-8gb-1-kingston-kvr24n17s88/p/MLB6510633#wid%3DMLB5026647276%26sid%3Dsearch%26searchVariation%3DMLB6510633%26position%3D40%26search_layout%3Dgrid%26type%3Dproduct%26tracking_id%3D723f392a-3b49-4312-9005-e4c8b6104fd3,"135,12",https://http2.mlstatic.com/D_NQ_NP_941493-MLA74652647118_022024-W.webp
41,Memória RAM color verde  4GB 1 Crucial CT4G4SFS8266,https://www.mercadolivre.com.br/memoria-ram-color-verde-4gb-1-crucial-ct4g4sfs8266/p/MLB14473820#wid%3DMLB3845670441%26sid%3Dsearch%26searchVariation%3DMLB14473820%26position%3D41%26search_layout%3Dgrid%26type%3Dproduct%26tracking_id%3D723f392a-3b49-4312-9005-e4c8b6104fd3,"139,15",https://http2.mlstatic.com/D_NQ_NP_937011-MLA74652759102_022024-W.webp
42,Memória RAM NB BLACK color preto  8GB 1 UP Gamer UP2666,https://www.mercadolivre.com.br/memoria-ram-nb-black-color-preto-8gb-1-up-gamer-up2666/p/MLB22736037#wid%3DMLB4285935858%26sid%3Dsearch%26searchVariation%3DMLB22736037%26position%3D42%26search_layout%3Dgrid%26type%3Dproduct%26tracking_id%3D723f392a-3b49-4312-9005-e4c8b6104fd3,"151,49",https://http2.mlstatic.com/D_NQ_NP_978172-MLU75436822026_042024-W.webp
43,Memória 8gb 1600mt/s Ddr3l Non-ecc Cl11 Sodimm Kingston,https://produto.mercadolivre.com.br/MLB-3538934725-memoria-8gb-1600mts-ddr3l-non-ecc-cl11-sodimm-kingston-_JM#position%3D50%26search_layout%3Dgrid%26type%3Ditem%26tracking_id%3D723f392a-3b49-4312-9005-e4c8b6104fd3,"62,99",https://http2.mlstatic.com/D_NQ_NP_950733-MLU69957173128_062023-W.webp
44,Memoria Ddr3 8gb 1333mhz Kingston Kvr1333d3n9/8g Desktop Nfe,https://produto.mercadolivre.com.br/MLB-2761410804-memoria-ddr3-8gb-1333mhz-kingston-kvr1333d3n98g-desktop-nfe-_JM#position%3D51%26search_layout%3Dgrid%26type%3Ditem%26tracking_id%3D723f392a-3b49-4312-9005-e4c8b6104fd3,"64,30",https://http2.mlstatic.com/D_NQ_NP_755361-MLB51173038424_082022-W.webp
45,Memória Ram Color Verde  8gb 1 Ddr4 3200mhz Crucial Ct8g4sfr,https://produto.mercadolivre.com.br/MLB-5033482912-memoria-ram-color-verde-8gb-1-ddr4-3200mhz-crucial-ct8g4sfr-_JM#position%3D52%26search_layout%3Dgrid%26type%3Ditem%26tracking_id%3D723f392a-3b49-4312-9005-e4c8b6104fd3,"167,94",https://http2.mlstatic.com/D_NQ_NP_755329-MLU73213346245_122023-W.webp
46,Memoria Kingston Ddr3 8gb 1333mhz 10600 Cl9 1.5v Nfe Pc Nova,https://produto.mercadolivre.com.br/MLB-2761325685-memoria-kingston-ddr3-8gb-1333mhz-10600-cl9-15v-nfe-pc-nova-_JM#position%3D53%26search_layout%3Dgrid%26type%3Ditem%26tracking_id%3D723f392a-3b49-4312-9005-e4c8b6104fd3,"60,66",https://http2.mlstatic.com/D_NQ_NP_683898-MLB51173117697_082022-W.webp
47,Memória Markvision Bmd2204m0667c5/2gb Cor Verde + Nf-e,https://produto.mercadolivre.com.br/MLB-4863060228-memoria-markvision-bmd2204m0667c52gb-cor-verde-nf-e-_JM#position%3D54%26search_layout%3Dgrid%26type%3Ditem%26tracking_id%3D723f392a-3b49-4312-9005-e4c8b6104fd3,"34,90",https://http2.mlstatic.com/D_NQ_NP_765095-MLB77484631525_072024-W.webp
48,Memória RAM color verde  16GB 1 Crucial CT16G4SFD824A,https://www.mercadolivre.com.br/memoria-ram-color-verde-16gb-1-crucial-ct16g4sfd824a/p/MLB18921998#wid%3DMLB3154011617%26sid%3Dsearch%26searchVariation%3DMLB18921998%26position%3D43%26search_layout%3Dgrid%26type%3Dproduct%26tracking_id%3D723f392a-3b49-4312-9005-e4c8b6104fd3,"229,26",https://http2.mlstatic.com/D_NQ_NP_808369-MLA52219573669_102022-W.webp
49,Duas Memórias Mancer Dantalion Z 8gb DDR4 3200mhz C16 MCR-DTLZ-8GB,https://www.mercadolivre.com.br/duas-memorias-mancer-dantalion-z-8gb-ddr4-3200mhz-c16-mcr-dtlz-8gb/p/MLB27664064#wid%3DMLB3531799155%26sid%3Dsearch%26searchVariation%3DMLB27664064%26position%3D44%26search_layout%3Dgrid%26type%3Dproduct%26tracking_id%3D723f392a-3b49-4312-9005-e4c8b6104fd3,"279,90",https://http2.mlstatic.com/D_NQ_NP_719224-MLU79110308354_092024-W.webp
50,Memória RAM Fury color preto  8GB 1 HyperX HX424C15FB3/8,https://www.mercadolivre.com.br/memoria-ram-fury-color-preto-8gb-1-hyperx-hx424c15fb38/p/MLB15226983#wid%3DMLB5035638206%26sid%3Dsearch%26searchVariation%3DMLB15226983%26position%3D45%26search_layout%3Dgrid%26type%3Dproduct%26tracking_id%3D723f392a-3b49-4312-9005-e4c8b6104fd3,"160,55",https://http2.mlstatic.com/D_NQ_NP_824264-MLA74780658551_022024-W.webp
51,Memória RAM Fury DDR3 color azul 8GB 1 HyperX HX316C10F/8,https://www.mercadolivre.com.br/memoria-ram-fury-ddr3-color-azul-8gb-1-hyperx-hx316c10f8/p/MLB14729105#wid%3DMLB5052998480%26sid%3Dsearch%26searchVariation%3DMLB14729105%26position%3D48%26search_layout%3Dgrid%26type%3Dproduct%26tracking_id%3D723f392a-3b49-4312-9005-e4c8b6104fd3,"90,75",https://http2.mlstatic.com/D_NQ_NP_664795-MLA74651539508_022024-W.webp
52,Memória Ram Desktop Gamer PUSKILL VENENO 8gb DDR3 1600mhz Cl11 1.5v Pc3-12800 Dimm,https://www.mercadolivre.com.br/memoria-ram-desktop-gamer-puskill-veneno-8gb-ddr3-1600mhz-cl11-15v-pc3-12800-dimm/p/MLB27141345#wid%3DMLB5066349946%26sid%3Dsearch%26searchVariation%3DMLB27141345%26position%3D49%26search_layout%3Dgrid%26type%3Dproduct%26tracking_id%3D723f392a-3b49-4312-9005-e4c8b6104fd3,"99,99",https://http2.mlstatic.com/D_NQ_NP_903715-MLU78803492013_082024-W.webp
53,Memória RAM color verde  4GB 1 Crucial CT4G4SFS824A,https://www.mercadolivre.com.br/memoria-ram-color-verde-4gb-1-crucial-ct4g4sfs824a/p/MLB8583201#wid%3DMLB5066749502%26sid%3Dsearch%26searchVariation%3DMLB8583201%26position%3D46%26search_layout%3Dgrid%26type%3Dproduct%26tracking_id%3D723f392a-3b49-4312-9005-e4c8b6104fd3,"110,69",https://http2.mlstatic.com/D_NQ_NP_725209-MLA74780593075_022024-W.webp
54,Memória Ram 16gb 2666mhz Para Samsung Book Np550xda-kf2brx35,https://www.mercadolivre.com.br/memoria-ram-16gb-2666mhz-para-samsung-book-np550xda-kf2brx35/p/MLB25869842#wid%3DMLB3405801427%26sid%3Dsearch%26searchVariation%3DMLB25869842%26position%3D47%26search_layout%3Dgrid%26type%3Dproduct%26tracking_id%3D723f392a-3b49-4312-9005-e4c8b6104fd3,"272,99",https://http2.mlstatic.com/D_NQ_NP_869323-MLU74225366624_022024-W.webp
